n,v2_insert_s,v3_insert_s,v2_search_5000_s,v3_search_5000_s,v2_inorder10_s,v3_inorder10_s,v2_delete1000_s,v3_delete1000_s
1000,0.003058661997783929,0.003971935002482496,0.0065635180023188395,0.001437687669143391,0.023677612994409476,0.00014970733415490636,0.0025852686764361956,0.002676636334702683
2000,0.005268609005725011,0.00598162499954924,0.006673754998094712,0.0016491889934210728,0.010994918658980168,0.00021590999676845968,0.0023844536675217873,0.0019911576625114926
5000,0.01298237701121252,0.016458956990391016,0.007975063669922141,0.002697581328296413,0.029238887334940955,0.0005897979960233594,0.0030206166654049107,0.0025528056673162305
10000,0.033521568999276496,0.03808582499914337,0.010038870333422286,0.0035145373355286815,0.07213386499885625,0.001486793330210882,0.003948903332153956,0.0033470276636459553
20000,0.07389090899960138,0.06577088400081266,0.010797776999728134,0.004266585334941435,0.12894703232935475,0.0022566253367889053,0.0031641129947577915,0.0027229680029752976
50000,0.19596861499303486,0.14939320199482609,0.009804304330221688,0.00398336199092834,0.3221741733335269,0.008054436004992263,0.0044414713338483125,0.004079343988754165
100000,0.3806142209941754,0.44160364200070035,0.014079527997334177,0.005715012666769326,0.6779953113291413,0.02690908499547125,0.006442255325964652,0.005139212667321165
